audit_id,notice_id,title,description,cpv,project_type_predicted,trades_predicted,confidence,quality_status,evidence_reason,project_type_correct,trades_correct,false_positive,review_notes
1,604926-2026,Erw. Gesamtschule Verl; Trockenbauabhangdecke Neubau,"Erw. Gesamtschule Verl; Trockenbauabhangdecke Neubau Zentrale Vergabestelle der Städte Rietberg, Verl und der Gemeinde Langenberg ['DEA42', 'DEU', 'DEA42', 'DEA42', 'DEA42', 'DEU', 'DEU', 'DEU']",45421146; 45210000; 45214200; 45324000; 45210000; 45210000; 45214200; 45214200; 45324000; 45421146; 45214200; 45324000; 45421146; 45210000; 45324000; 45421146,school,drywall; windows_doors; insulation,0.75,CONFIDENT,project=True; trade=True; cpv=True; text=1; confidence=0.75,,,,
2,568498-2026,Neubau der Brücke über die B72/210 und der Bahntrasse der EAE im Zuge der K113/115n in Georgsheil,"Neubau der Brücke über die B72/210 und der Bahntrasse der EAE im Zuge der K113/115n in Georgsheil Landkreis Aurich ['DE947', 'DEU', 'DE947', 'DEU']",45221110; 45112000; 45221111; 45221100; 45234100; 44113620; 45221110; 45112000; 45221111; 45221100; 45234100; 44113620,bridge,earthworks; railworks,0.75,CONFIDENT,project=True; trade=True; cpv=True; text=1; confidence=0.75,,,,
3,641025-2026,Holz- und Faserzementfassde I 3. BA Sanierung und Erweiterung der Musikschule Tübingen,"Holz- und Faserzementfassde I 3. BA Sanierung und Erweiterung der Musikschule Tübingen Universitätsstadt Tübingen - Zentrale Vergabestelle ['DE142', 'DEU', 'DE142', 'DEU']",45443000; 45422000; 45443000; 45422000,school,painting; windows_doors,0.75,CONFIDENT,project=True; trade=True; cpv=True; text=1; confidence=0.75,,,,
4,576372-2026,Neubau Feuerwehrgerätehaus Lindenholzhausen -Rohbauarbeiten - Gesamte Massivbauarbeiten,"Neubau Feuerwehrgerätehaus Lindenholzhausen -Rohbauarbeiten - Gesamte Massivbauarbeiten- Magistrat der Kreisstadt Limburg a. d. Lahn ['DE723', 'DEU', 'DE723', 'DEU']",45000000; 45223220; 45000000; 45223220,fire_station,structural,0.75,CONFIDENT,project=True; trade=True; cpv=True; text=1; confidence=0.75,,,,
5,565488-2026,Fassadensanierung Kreisberufsschulzentrum Aalen - Abbrucharbeiten,"Fassadensanierung Kreisberufsschulzentrum Aalen - Abbrucharbeiten - Landratsamt Ostalbkreis - Zentrale Vergabestelle ['DE11D', 'DEU', 'DE11D', 'DEU']",45111100; 45111100,school,facade; demolition,0.85,CONFIDENT,project=True; trade=True; cpv=True; text=1; confidence=0.85,,,,
6,561079-2026,Sanierung der Grund- und Mittelschule Lam (BA 3); Mobile Trennwand (BA 3),"Sanierung der Grund- und Mittelschule Lam (BA 3); Mobile Trennwand (BA 3) Markt Lam ['DE235', 'DEU', 'DE235', 'DEU']",45421141; 44112310; 45421141; 44112310,school,windows_doors,0.75,CONFIDENT,project=True; trade=True; cpv=True; text=1; confidence=0.75,,,,
7,592797-2026,Bf. & Vst. Fangschleuse - VP3 Neubau Bahnhof und Verkehrsstation Fangschleuse,"Bf. & Vst. Fangschleuse - VP3 Neubau Bahnhof und Verkehrsstation Fangschleuse DB Netz AG (Bukr 16) ['DE40C', 'DEU', 'DE40C', 'DEU']",45234100; 45234100,rail,railworks,0.75,CONFIDENT,project=True; trade=True; cpv=True; text=1; confidence=0.75,,,,
8,641515-2026,Neubau kbo-Inn-Salzach-Klinikum - Errichtung Pflegegebäude BT C + D-107_3-4500 Elektro Schwachstrom,"Neubau kbo-Inn-Salzach-Klinikum - Errichtung Pflegegebäude BT C + D-107_3-4500 Elektro Schwachstrom kbo-Inn-Salzach Klinikum gGmbH ['DE21K', 'DEU', 'DE21K', 'DEU']",45314000; 45314000,hospital,electrical,0.85,CONFIDENT,project=True; trade=True; cpv=True; text=1; confidence=0.85,,,,
9,562662-2026,Sanierung der Grund- und Mittelschule Lam; Bodenbelagsarbeiten Parkett (BA 3),"Sanierung der Grund- und Mittelschule Lam; Bodenbelagsarbeiten Parkett (BA 3) Markt Lam ['DE235', 'DEU', 'DE235', 'DEU']",45432100; 45432113; 45432100; 45432113,school,flooring,0.85,CONFIDENT,project=True; trade=True; cpv=True; text=1; confidence=0.85,,,,
10,570074-2026,Neubau Kinderhaus Hohenlinden - Schreinerarbeiten Einbauten,"Neubau Kinderhaus Hohenlinden - Schreinerarbeiten Einbauten Gemeinde Hohenlinden - Bauamt ['DE218', 'DEU', 'DE218', 'DEU']",45420000; 45422000; 45420000; 45422000,kindergarten,windows_doors,0.75,CONFIDENT,project=True; trade=True; cpv=True; text=1; confidence=0.75,,,,
11,572917-2026,"Treppen, Geländer I Aufstockung u. Sanierung Walter-Erbe-Schule Tübingen","Treppen, Geländer I Aufstockung u. Sanierung Walter-Erbe-Schule Tübingen Universitätsstadt Tübingen - Zentrale Vergabestelle ['DE142', 'DEU', 'DE142', 'DEU']",45262670; 45262670,school,fencing; structural,0.75,CONFIDENT,project=True; trade=True; cpv=True; text=1; confidence=0.75,,,,
12,625297-2026,Anbau Grundschule Affaltrach Lehrerbereich und Mensaerweiterung - Flachdacharbeiten inkl. Flaschnerarb.,"Anbau Grundschule Affaltrach Lehrerbereich und Mensaerweiterung - Flachdacharbeiten inkl. Flaschnerarb. Gemeinde Obersulm ['DE118', 'DEU', 'DE118', 'DE118', 'DEU', 'DEU']",45261300; 45261210; 45261300; 45261210,school,roof,0.85,CONFIDENT,project=True; trade=True; cpv=True; text=1; confidence=0.85,,,,
13,622302-2026,Halle Eichenberg - 740 m Netz Sangerhausen & Lutherstadt Eisleben Bahnhof – Bauleistung,"Halle Eichenberg - 740 m Netz Sangerhausen & Lutherstadt Eisleben Bahnhof – Bauleistung DB InfraGO AG – Geschäftsbereich Fahrweg (Bukr 16) ['DEE0A', 'DEU', 'DEE0A', 'DEU']",45234116; 45234116,rail,railworks,0.75,CONFIDENT,project=True; trade=True; cpv=True; text=1; confidence=0.75,,,,
14,695150-2026,Verglasungs- und Pultdacharbeiten BT B - Erweiterung Schulzentrum Steinlach Wiesaz in Dußlingen,"Verglasungs- und Pultdacharbeiten BT B - Erweiterung Schulzentrum Steinlach Wiesaz in Dußlingen Gemeindeverwaltungsverband Steinlach Wiesaz ['DE142', 'DEU', 'DE142', 'DEU']",45441000; 45210000; 44112400; 45441000; 44112400; 45210000,school,roof; painting,0.75,CONFIDENT,project=True; trade=True; cpv=True; text=1; confidence=0.75,,,,
15,619086-2026,Kassel Rangierbahnhof; Kabeltiefbau und Signaltiefbau,"Kassel Rangierbahnhof; Kabeltiefbau und Signaltiefbau DB InfraGO AG – Geschäftsbereich Fahrweg (Bukr 16) ['DE731', 'DEU', 'DE731', 'DEU']",45314300; 45314300,rail,earthworks; electrical,0.75,CONFIDENT,project=True; trade=True; cpv=True; text=1; confidence=0.75,,,,
16,632415-2026,Gesundheitszentrum in Bad Waldliesborn GmbH - Anbau an Klinik Eichholz,"Gesundheitszentrum in Bad Waldliesborn GmbH - Anbau an Klinik Eichholz Gesundheitszentrum in Bad Waldliesborn GmbH ['DEA5B', 'DEU', 'DEA5B', 'DEU']",45442110; 45442110,hospital,painting,0.75,CONFIDENT,project=True; trade=True; cpv=True; text=1; confidence=0.75,,,,
17,599093-2026,VE22 Fliesenarbeiten - Grundschule Barendorf,"VE22 Fliesenarbeiten - Grundschule Barendorf Samtgemeinde Ostheide ['DE935', 'DEU', 'DE935', 'DEU']",45431000; 45431000,school,flooring,0.85,CONFIDENT,project=True; trade=True; cpv=True; text=1; confidence=0.85,,,,
18,627911-2026,"Lieferung, Errichtung und Inbetriebnahme eines Großbatteriespeichers","Lieferung, Errichtung und Inbetriebnahme eines Großbatteriespeichers Stadtwerke Energie Jena-Pößneck GmbH ['DEG0J', 'DEU', 'DEG0J', 'DEU']",31400000; 31422000; 45311000; 65310000; 31400000; 31422000; 45311000; 65310000,energy,solar_energy; electrical,0.75,CONFIDENT,project=True; trade=True; cpv=True; text=1; confidence=0.75,,,,
19,585053-2026,"PSA Profischule Campus - Haus A - Holz-, Alu-Verbundfenster/Außentüren","PSA Profischule Campus - Haus A - Holz-, Alu-Verbundfenster/Außentüren Gemeinde Ascheberg ['DEA35', 'DEU', 'DEA35', 'DEU']",45421100; 45421110; 45421111; 45421112; 45421130; 45421131; 45421132; 45421100; 45421110; 45421111; 45421112; 45421130; 45421131; 45421132,school,windows_doors,0.85,CONFIDENT,project=True; trade=True; cpv=True; text=1; confidence=0.85,,,,
20,597082-2026,Verbandsgemeinde Ruwer; Neubau der Grundschule in Osburg,"Verbandsgemeinde Ruwer; Neubau der Grundschule in Osburg Verbandsgemeindeverwaltung Ruwer ['DEB25', 'DEU', 'DEB25', 'DEU']",45312000; 45312000,school,electrical,0.75,CONFIDENT,project=True; trade=True; cpv=True; text=1; confidence=0.75,,,,
21,628955-2026,"Grundschule Rindelbach, Neubau - Sonnenschutzarbeiten","Grundschule Rindelbach, Neubau - Sonnenschutzarbeiten Stadtverwaltung Ellwangen - Hochbauamt ['DE11D', 'DEU', 'DE11D', 'DEU']",45212190; 45214210; 39515430; 45421143; 45212190; 45214210; 39515430; 45421143,school,windows_doors,0.85,CONFIDENT,project=True; trade=True; cpv=True; text=1; confidence=0.85,,,,
22,643709-2026,Mittelberg-Grundschule Generalsanierung mit Erweiterungsbau: Tischlerarbeiten - Einbauküche,"Mittelberg-Grundschule Generalsanierung mit Erweiterungsbau: Tischlerarbeiten - Einbauküche Stadt Biberach an der Riss ['DE146', 'DEU', 'DE146', 'DEU']",45420000; 45420000,school,windows_doors,0.75,CONFIDENT,project=True; trade=True; cpv=True; text=1; confidence=0.75,,,,
23,606916-2026,"Vilbeler Straße 38, Feuerwehrhaus Ober-Erlenbach - Tischlerarbeiten","Vilbeler Straße 38, Feuerwehrhaus Ober-Erlenbach - Tischlerarbeiten Stadt Bad Homburg v. d. Höhe - Der Magistrat, Fachbereich Recht - Vergabestelle - ['DE718', 'DEU', 'DE718', 'DEU']",45421000; 45421000; 45421153; 44221200; 44112310; 45421000; 45421000; 45421153; 44221200; 44112310,fire_station,windows_doors,0.75,CONFIDENT,project=True; trade=True; cpv=True; text=1; confidence=0.75,,,,
24,620279-2026,Neubau Werkstatt Theodor-Litt-Schule Gießen,"Neubau Werkstatt Theodor-Litt-Schule Gießen Magistrat der Universitätsstadt Gießen - Hochbauamt - ['DE721', 'DEU', 'DE721', 'DEU']",45343000; 45343000,school,fire_protection,0.75,CONFIDENT,project=True; trade=True; cpv=True; text=1; confidence=0.75,,,,
25,568382-2026,Neuordnung und Erweiterung des Steinhagener Gymnasiums - Sanitärarbeiten,"Neuordnung und Erweiterung des Steinhagener Gymnasiums - Sanitärarbeiten Zentrale Vergabestelle Harsewinkel für die Gemeinde Steinhagen ['DEA42', 'DEU', 'DEA42', 'DEU']",45332400; 45330000; 45331000; 45331100; 45331200; 45332400,school,plumbing; hvac,0.85,CONFIDENT,project=True; trade=True; cpv=True; text=1; confidence=0.85,,,,
26,613080-2026,Betrieb von Straßenbeleuchtung,"Betrieb von Straßenbeleuchtung Dortmunder Energie- und Wasserversorgung GmbH ['DEA52', 'DEU', 'DEA52', 'DEA52', 'DEA52', 'DEU', 'DEU', 'DEU']",45316110; 45316110; 45316110; 45316110,,electrical,0.35,REVIEW,project=False; trade=True; cpv=True; text=1; confidence=0.35,,,,
27,641095-2026,Lüftung und Kältetechnik,"Lüftung und Kältetechnik Stadt Immenstadt i. Allgäu ['DE27E', 'DEU', 'DE27E', 'DEU']",45331200; 45331210; 45331200; 45331210,,hvac,0.35,REVIEW,project=False; trade=True; cpv=True; text=1; confidence=0.35,,,,
28,601978-2026,"Eigenstromversorgungsanlagen - Neubau CPC, Geb. 9997, Hermann-Blenk-Straße, 38108 Braunschweig","Eigenstromversorgungsanlagen - Neubau CPC, Geb. 9997, Hermann-Blenk-Straße, 38108 Braunschweig Technische Universität Braunschweig, Geschäftsbereich 3 - Gebäudemanagement ['DE911', 'DEU', 'DE911', 'DEU']",45311000; 45000000; 45311000; 45000000,,electrical,0.35,REVIEW,project=False; trade=True; cpv=True; text=1; confidence=0.35,,,,
29,685237-2026,Dachsanierung,"Dachsanierung Land Hessen, vertreten durch den Landesbetrieb Bau und Immobilien Hessen, Zentrale Vergabe ['DE731', 'DEU', 'DE731', 'DEU']",45261910; 45261210; 45261910; 45261210,,roof,0.35,REVIEW,project=False; trade=True; cpv=True; text=1; confidence=0.35,,,,
30,569480-2026,"KN, Uni, Geb.L, (S), Sanierung Fluchtbalkonanlage & allg. BU Betoninstandsetzungsarbeiten","KN, Uni, Geb.L, (S), Sanierung Fluchtbalkonanlage & allg. BU Betoninstandsetzungsarbeiten Vermögen und Bau Baden-Württemberg, Amt Konstanz ['DE138', 'DEU', 'DE138', 'DEU']",45262330; 45262330,,structural,0.35,REVIEW,project=False; trade=True; cpv=True; text=1; confidence=0.35,,,,
31,680796-2026,NB GGTS Fernstraße - Dachabdichtungsarbeiten,"NB GGTS Fernstraße - Dachabdichtungsarbeiten Kreisstadt Neunkirchen ['DEC03', 'DEU', 'DEC03', 'DEU']",45261410; 45261410,,roof,0.35,REVIEW,project=False; trade=True; cpv=True; text=1; confidence=0.35,,,,
32,622138-2026,Neubau Brandschutz- und Ausbildungszentrums (BAZ) am Standort Newel,"Neubau Brandschutz- und Ausbildungszentrums (BAZ) am Standort Newel Verbandsgemeindeverwaltung Trier-Land ['DEB25', 'DEU', 'DEB25', 'DEU']",45343100; 45343100,,fire_protection,0.35,REVIEW,project=False; trade=True; cpv=True; text=1; confidence=0.35,,,,
33,677434-2026,LSW Mönchengladbach SSW 108 und 111,"LSW Mönchengladbach SSW 108 und 111 DB InfraGO AG – Geschäftsbereich Fahrweg (Bukr 16) ['DEA15', 'DEU', 'DEA15', 'DEU']",45234100; 45234100,rail,railworks,0.55,REVIEW,project=True; trade=True; cpv=True; text=1; confidence=0.55,,,,
34,660591-2026,"RKS Halle-Eichenberg - Blankenheim Bauleistung KTB, Signalausleger, Hochbau, KIB (6343)","RKS Halle-Eichenberg - Blankenheim Bauleistung KTB, Signalausleger, Hochbau, KIB (6343) DB InfraGO AG – Geschäftsbereich Fahrweg (Bukr 16) ['DEE0A', 'DEU', 'DEE0A', 'DEU']",45221250; 45221250,bridge,,0.35,REVIEW,project=True; trade=False; cpv=True; text=1; confidence=0.35,,,,
35,669775-2026,Neubau Sporthalle Melle / Sportgeräte,"Neubau Sporthalle Melle / Sportgeräte Landkreis Osnabrück - Abt. 13.3 Zentrale Vergabestelle ['DE94E', 'DEU', 'DE94E', 'DEU']",45212200; 45212200,sports_leisure,,0.35,REVIEW,project=True; trade=False; cpv=True; text=1; confidence=0.35,,,,
36,624313-2026,"Bau GSH 5850 Neumarkt - Nürnberg Km 64,053 - 91,128 Bauleistung Abschnitt 2","Bau GSH 5850 Neumarkt - Nürnberg Km 64,053 - 91,128 Bauleistung Abschnitt 2 DB InfraGO AG – Geschäftsbereich Fahrweg (Bukr 16) ['DE212', 'DEU', 'DEU']",45234116; 45234116,rail,railworks,0.55,REVIEW,project=True; trade=True; cpv=True; text=1; confidence=0.55,,,,
37,683275-2026,Sanitärarbeiten,"Sanitärarbeiten Stadt Dettelbach ['DE268', 'DEU', 'DE268', 'DEU']",45300000; 45330000,,plumbing; hvac,0.35,REVIEW,project=False; trade=True; cpv=True; text=1; confidence=0.35,,,,
38,695528-2026,"Konzerthaus, Brandschutzmaßnahmen und Innenausbau Theater","Konzerthaus, Brandschutzmaßnahmen und Innenausbau Theater Stadt Karlsruhe Amt für Hochbau und Gebäudewirtschaft ['DE122', 'DEU', 'DE122', 'DEU']",45422000; 45261210; 45422000; 45261210,,fire_protection; windows_doors; roof,0.35,REVIEW,project=False; trade=True; cpv=True; text=1; confidence=0.35,,,,
39,675815-2026,Bodenbelagsarbeiten Lino und Kautschuk,"Bodenbelagsarbeiten Lino und Kautschuk Staatliches Bauamt Augsburg ['DE271', 'DEU', 'DE271', 'DEU']",45432100; 45432110; 45432130; 45432100; 45432110; 45432130,,flooring,0.35,REVIEW,project=False; trade=True; cpv=True; text=1; confidence=0.35,,,,
40,593365-2026,Los 2 Elektro-Technik,"Los 2 Elektro-Technik Stadtwerke Hilden GmbH ['DEA1C', 'DEU', 'DEA1C', 'DEU']",71334000; 45315100; 45315700; 71334000; 45315100; 45315700,,electrical,0.35,REVIEW,project=False; trade=True; cpv=True; text=1; confidence=0.35,,,,
41,668141-2026,"Elektro, Blitzschutz, Datennetz, SiBe","Elektro, Blitzschutz, Datennetz, SiBe Staatliches Bau- und Liegenschaftsamt Neubrandenburg ['DE80K', 'DEU', 'DE80K', 'DEU']",45311000; 45312310; 45314320; 45316100; 45311000; 45312310; 45314320; 45316100,,electrical,0.35,REVIEW,project=False; trade=True; cpv=True; text=1; confidence=0.35,,,,
42,694409-2026,Fenster und Außentüren,"Fenster und Außentüren Vergabestelle Landeshauptstadt Stuttgart ['DE111', 'DEU', 'DE111', 'DEU']",45214220; 45421100; 45214220; 45421100,university_research,windows_doors,0.55,REVIEW,project=True; trade=True; cpv=True; text=1; confidence=0.55,,,,
43,590402-2026,Metall- und Verglasungsarbeiten Außen - RappSoDie,"Metall- und Verglasungsarbeiten Außen - RappSoDie Stadt Bad Rappenau ['DE118', 'DEU', 'DE118', 'DEU']",45262670; 45441000; 45262670; 45441000,,structural; painting,0.35,REVIEW,project=False; trade=True; cpv=True; text=1; confidence=0.35,,,,
44,585917-2026,Geothermie 70-00231-2530-501 - PR1280405-2530-B,"Geothermie 70-00231-2530-501 - PR1280405-2530-B Fraunhofer-Gesellschaft zur Förderung der angewandten Forschung e.V. - Einkauf B12 - Vergabestelle Bau ['DEB32', 'DEU', 'DEB32', 'DEU']",45255110; 45112000; 45232141; 45255110; 45112000; 45232141,energy,earthworks,0.55,REVIEW,project=True; trade=True; cpv=True; text=1; confidence=0.55,,,,
45,567322-2026,"Kläranlage Ingelheim, Neubau Werkstatt- und Sozialgebäude, Erweiterter Roh- und Ausbau","Kläranlage Ingelheim, Neubau Werkstatt- und Sozialgebäude, Erweiterter Roh- und Ausbau Abwasserzweckverband ""Untere Selz"" ['DEB3J', 'DEU', 'DEB3J', 'DEU']",45213252; 45223200; 45000000; 45210000,industrial,,0.35,REVIEW,project=True; trade=False; cpv=True; text=1; confidence=0.35,,,,
46,590367-2026,"Verkehrswegebau-, Entwässerungskanal- und Kabelverlegearbeiten, Rettungszentrum","Verkehrswegebau-, Entwässerungskanal- und Kabelverlegearbeiten, Rettungszentrum Stadt Freiburg i. Br. - Vergabemanagement ['DE131', 'DEU', 'DE131', 'DEU']",45233120; 45231300; 45247110; 45314310; 45233120; 45231300; 45247110; 45314310,road,roadworks; sewer_pipe; electrical,0.55,REVIEW,project=True; trade=True; cpv=True; text=1; confidence=0.55,,,,
47,638384-2026,"Erw. Rohbauarbeiten - Neubau Truppenküche, V0352/2026, Delmetal-Kaserne","Erw. Rohbauarbeiten - Neubau Truppenküche, V0352/2026, Delmetal-Kaserne Performa Nord - Eigenbetrieb des Landes Bremen, Geschäftsbereich Bundesbau ['DE941', 'DEU', 'DE941', 'DEU']",45223220; 45223220,civil_engineering,structural,0.55,REVIEW,project=True; trade=True; cpv=True; text=1; confidence=0.55,,,,
48,685240-2026,Neubau TK-Technikstandort Stuttgart,"Neubau TK-Technikstandort Stuttgart DB Projekt Stuttgart-Ulm GmbH (Bukr 5S) ['DE111', 'DEU', 'DE111', 'DEU']",45210000; 45210000,industrial,hvac,0.55,REVIEW,project=True; trade=True; cpv=True; text=1; confidence=0.55,,,,
49,683048-2026,62-2026-691-EA - Fliesen- und Plattenarbeiten DIN 18352,"62-2026-691-EA - Fliesen- und Plattenarbeiten DIN 18352 Stadt Regensburg ['DE232', 'DEU', 'DE232', 'DEU']",45431000; 45431000,,flooring,0.35,REVIEW,project=False; trade=True; cpv=True; text=1; confidence=0.35,,,,
50,654003-2026,Neubau der Notleitstelle Bexbach - Installation der Heizungsanlage und der Sanitäranlagen,"Neubau der Notleitstelle Bexbach - Installation der Heizungsanlage und der Sanitäranlagen Zweckverband für Rettungsdienst und Feuerwehralarmierung Saar (ZRF Saar) ['DEC05', 'DEU', 'DEC05', 'DEU']",45315000; 45232460; 45315000; 45232460,water_wastewater,hvac; plumbing; electrical,0.55,REVIEW,project=True; trade=True; cpv=True; text=1; confidence=0.55,,,,
51,571705-2026,Herstellung von Baucontaineranlagen für den Neubau des Berufskollegs Meschede,"Herstellung von Baucontaineranlagen für den Neubau des Berufskollegs Meschede Hochsauerlandkreis ['DEA57', 'DEU', 'DEA57', 'DEU']",45000000; 44211100; 45000000; 44211100,,,0,UNKNOWN,project=False; trade=False; cpv=True; text=1; confidence=0,,,,
52,611291-2026,"Sächs. Kompetenzzentrum Mitteldeutschland,LVG Köllitsch, Milchkuhhaltung","Sächs. Kompetenzzentrum Mitteldeutschland,LVG Köllitsch, Milchkuhhaltung Staatsbetrieb Sächsisches Immobilien- und Baumanagement, Zentrale, Zentralstelle Vergabe- und Vertragsmanagement ['DED53', 'DEU', 'DED53', 'DEU']",45200000; 45200000,,,0,UNKNOWN,project=False; trade=False; cpv=True; text=1; confidence=0,,,,
53,565378-2026,Generalunternehmerleistung Modulbau - Digitale Pathologie,"Generalunternehmerleistung Modulbau - Digitale Pathologie Universitätsklinikum Aachen AöR ['DEA2D', 'DEU', 'DEA2D', 'DEU']",45000000; 44211100; 45000000; 44211100,,,0,UNKNOWN,project=False; trade=False; cpv=True; text=1; confidence=0,,,,
54,568346-2026,GGS Steigerweg Erweiterung - Totalübernehmer,"GGS Steigerweg Erweiterung - Totalübernehmer Mülheim an der Ruhr - ImmobilienService ['DEA16', 'DEU', 'DEA16', 'DEU']",45200000; 45200000,,,0,UNKNOWN,project=False; trade=False; cpv=True; text=1; confidence=0,,,,
55,566169-2026,"VE111 Baustelleneinrichtung (119VM514 / Kronsh,SanDstBw,Ersatzneub. ZInstSanBw)","VE111 Baustelleneinrichtung (119VM514 / Kronsh,SanDstBw,Ersatzneub. ZInstSanBw) Bundesrepublik Deutschland endvertreten durch Gebäudemanagement Schleswig-Holstein ['DEF0B', 'DEU', 'DEF0B', 'DEU']",45100000; 45100000,,,0,UNKNOWN,project=False; trade=False; cpv=True; text=1; confidence=0,,,,
56,617932-2026,Prallwand,"Prallwand Kreis Offenbach - FD Gebäudewirtschaft ['DE71C', 'DEU', 'DE71C', 'DEU']",45000000; 45000000,,,0,UNKNOWN,project=False; trade=False; cpv=True; text=0; confidence=0,,,,
57,663069-2026,EU WRRL Maßnahme Suenbach in Ilsenburg - Los 4 Umgehungsgerinne Suenbach 2. BA,"EU WRRL Maßnahme Suenbach in Ilsenburg - Los 4 Umgehungsgerinne Suenbach 2. BA Stadt Ilsenburg (Harz) ['DEE09', 'DEU', 'DEE09', 'DEU']",45240000; 45240000,,,0,UNKNOWN,project=False; trade=False; cpv=True; text=1; confidence=0,,,,
58,578189-2026,Bau eines multifunktionalen Mehrzweckgebäude - Neubaus „GUT Drauf Komplex“ Los 20.2 Möblierung,"Bau eines multifunktionalen Mehrzweckgebäude - Neubaus „GUT Drauf Komplex“ Los 20.2 Möblierung Querxenland Seifhennersdorf e.V. ['DED2D', 'DEU', 'DED2D', 'DEU']",45200000; 45200000,,,0,UNKNOWN,project=False; trade=False; cpv=True; text=1; confidence=0,,,,
59,664156-2026,UNITED HEAT - Generalunternehmer für Detailed Engineering und Bauausführung - Klärwerk Nord,"UNITED HEAT - Generalunternehmer für Detailed Engineering und Bauausführung - Klärwerk Nord Stadtwerke Görlitz AG ['DED2D', 'DEU', 'DED2D', 'DEU']",45000000; 45000000,,,0,UNKNOWN,project=False; trade=False; cpv=True; text=1; confidence=0,,,,
60,657416-2026,"Bauhauptleistung Erneuerung EÜ Hausbend Strecke 2505 km 1,473","Bauhauptleistung Erneuerung EÜ Hausbend Strecke 2505 km 1,473 DB InfraGO AG – Geschäftsbereich Fahrweg (Bukr 16) ['DEA14', 'DEU', 'DEA14', 'DEU']",45000000; 45000000,,,0,UNKNOWN,project=False; trade=False; cpv=True; text=1; confidence=0,,,,
