audit_id,notice_id,title,description,cpv,project_type_predicted,trades_predicted,confidence,quality_status,evidence,project_type_correct,trades_correct,false_positive,review_notes
1,674535-2026,Kooperationsschule/ Los 17 - Freianlagen,"Kooperationsschule/ Los 17 - Freianlagen Stadt Chemnitz ['DED41', 'DEU', 'DED41', 'DEU']","['45112700', '45000000', '45112500', '45112700', '45000000', '45112500']",school,landscaping; earthworks,0.75,CONFIDENT,"{""project_type"": true, ""trade"": true, ""cpv"": true, ""textual_evidence"": 1, ""source"": true, ""country"": true, ""confidence"": 0.75, ""policy_version"": ""2026-10-05-evidence-v1""}",,,,
2,610286-2026,Neubau Kita Angersdorf - Los 12 - Metallbauarbeiten,"Neubau Kita Angersdorf - Los 12 - Metallbauarbeiten Gemeinde Teutschenthal ['DEE0B', 'DEU', 'DEE0B', 'DEU']","['45214100', '45262670', '45000000']",kindergarten,structural,0.75,CONFIDENT,"{""project_type"": true, ""trade"": true, ""cpv"": true, ""textual_evidence"": 1, ""source"": true, ""country"": true, ""confidence"": 0.75, ""policy_version"": ""2026-10-05-evidence-v1""}",,,,
3,664583-2026,Universität Regensburg - Neubau eines Forschungsgebäudes CITO,"Universität Regensburg - Neubau eines Forschungsgebäudes CITO Staatliches Bauamt Regensburg ['DE232', 'DEU', 'DE232', 'DEU']","['45214600', '45314000', '45214600', '45314000']",university_research,electrical,0.75,CONFIDENT,"{""project_type"": true, ""trade"": true, ""cpv"": true, ""textual_evidence"": 1, ""source"": true, ""country"": true, ""confidence"": 0.75, ""policy_version"": ""2026-10-05-evidence-v1""}",,,,
4,698765-2026,Erweiterung Städt. Wirtschaftsschule zur Integration der Staatl. FOS - Mobile Trennwand,"Erweiterung Städt. Wirtschaftsschule zur Integration der Staatl. FOS - Mobile Trennwand Stadt Schwabach ['DE255', 'DEU', 'DE255', 'DEU']","['45421141', '44112310', '45421141', '44112310']",school,windows_doors,0.75,CONFIDENT,"{""project_type"": true, ""trade"": true, ""cpv"": true, ""textual_evidence"": 1, ""source"": true, ""country"": true, ""confidence"": 0.75, ""policy_version"": ""2026-10-05-evidence-v1""}",,,,
5,624390-2026,2. S-Bahn-Stammstrecke München - VE 733 Rohbauarbeiten Tunnel Ost zwischen Marienhof und Ostbahnhof inkl. HP Ostbahnhof (tief),"2. S-Bahn-Stammstrecke München - VE 733 Rohbauarbeiten Tunnel Ost zwischen Marienhof und Ostbahnhof inkl. HP Ostbahnhof (tief) DB Netz AG (Bukr 16) ['DE212', 'DEU', 'DE212', 'DEU']","['45221242', '45221200', '45221240', '45221243', '45221250', '45223500', '45262210', '45262212', '45262213', '45262310', '45262426', '71320000', '45221242', '45221200', '45221240', '45221243', '45221250', '45223500', '45262210', '45262212', '45262213', '45262310', '45262426', '71320000']",rail,structural,0.85,CONFIDENT,"{""project_type"": true, ""trade"": true, ""cpv"": true, ""textual_evidence"": 1, ""source"": true, ""country"": true, ""confidence"": 0.85, ""policy_version"": ""2026-10-05-evidence-v1""}",,,,
6,629866-2026,"Neubau Wasserwerk Wendlingen a.N., Tiefgründung - Baustelleneinrichtung - Rohbau - Asphalt-Belagsarbeiten","Neubau Wasserwerk Wendlingen a.N., Tiefgründung - Baustelleneinrichtung - Rohbau - Asphalt-Belagsarbeiten Stadtverwaltung ['DE113', 'DEU', 'DE113', 'DEU']","['45223200', '45223200']",water_wastewater,structural; roadworks,0.75,CONFIDENT,"{""project_type"": true, ""trade"": true, ""cpv"": true, ""textual_evidence"": 1, ""source"": true, ""country"": true, ""confidence"": 0.75, ""policy_version"": ""2026-10-05-evidence-v1""}",,,,
7,633799-2026,"Universitätsklinikum Tübingen, Anbau an die Frauenklinik AFK Heizung + Kälte Installationen","Universitätsklinikum Tübingen, Anbau an die Frauenklinik AFK Heizung + Kälte Installationen Vermögen und Bau Baden-Württemberg, Amt Tübingen ['DE142', 'DEU', 'DE142', 'DEU']","['45331100', '45331100']",hospital,hvac,0.85,CONFIDENT,"{""project_type"": true, ""trade"": true, ""cpv"": true, ""textual_evidence"": 1, ""source"": true, ""country"": true, ""confidence"": 0.85, ""policy_version"": ""2026-10-05-evidence-v1""}",,,,
8,638007-2026,Neubau Johann-Peter-Hebel Grundschule: Blitzschutz,"Neubau Johann-Peter-Hebel Grundschule: Blitzschutz Gemeinde Gundelfingen ['DE132', 'DEU', 'DE132', 'DEU']","['45312310', '45312310']",school,electrical,0.75,CONFIDENT,"{""project_type"": true, ""trade"": true, ""cpv"": true, ""textual_evidence"": 1, ""source"": true, ""country"": true, ""confidence"": 0.75, ""policy_version"": ""2026-10-05-evidence-v1""}",,,,
9,604324-2026,"Bildungscampus Naumburg, Schönburger Straße, 06618 Naumburg, Los 3-07 - B: Wärmedämmverbundsystem/Klinker/Putz, Teilobjekt B Sporthalle","Bildungscampus Naumburg, Schönburger Straße, 06618 Naumburg, Los 3-07 - B: Wärmedämmverbundsystem/Klinker/Putz, Teilobjekt B Sporthalle Burgenlandkreis ['DEE08', 'DEU', 'DEE08', 'DEU']","['45321000', '45410000', '45321000']",sports_leisure,insulation; facade; plastering,0.85,CONFIDENT,"{""project_type"": true, ""trade"": true, ""cpv"": true, ""textual_evidence"": 1, ""source"": true, ""country"": true, ""confidence"": 0.85, ""policy_version"": ""2026-10-05-evidence-v1""}",,,,
10,594012-2026,"Erweiterungsbau Seniorenpflegeheim ""St. Stephanus"" in Osterwieck Los 20 Tischlerarbeiten","Erweiterungsbau Seniorenpflegeheim ""St. Stephanus"" in Osterwieck Los 20 Tischlerarbeiten Diakonisches Werk im Kirchenkreis Halberstadt e.V. ['DEE09', 'DEU', 'DEE09', 'DEU']","['45422000', '45422000']",care_social,windows_doors,0.75,CONFIDENT,"{""project_type"": true, ""trade"": true, ""cpv"": true, ""textual_evidence"": 1, ""source"": true, ""country"": true, ""confidence"": 0.75, ""policy_version"": ""2026-10-05-evidence-v1""}",,,,
11,669427-2026,Kanalbauarbeiten,"Kanalbauarbeiten Trägergesellschaft Kliniken Aurich-Emden-Norden mbH ['DE947', 'DEU', 'DE947', 'DEU']","['45232400', '45232410', '45232452', '45231300', '45232400', '45232410', '45232452', '45231300']",water_wastewater,sewer_pipe,0.75,CONFIDENT,"{""project_type"": true, ""trade"": true, ""cpv"": true, ""textual_evidence"": 1, ""source"": true, ""country"": true, ""confidence"": 0.75, ""policy_version"": ""2026-10-05-evidence-v1""}",,,,
12,662378-2026,Grundschule Ost - Sanierung im Bestand - Parkett- und Bodenbelagsarbeiten,"Grundschule Ost - Sanierung im Bestand - Parkett- und Bodenbelagsarbeiten Gebäudemanagementbetrieb der Landeshauptstadt Saarbrücken - GMS ['DEC01', 'DEU', 'DEC01', 'DEC01', 'DEU', 'DEU']","['45432130', '45432130']",school,flooring,0.85,CONFIDENT,"{""project_type"": true, ""trade"": true, ""cpv"": true, ""textual_evidence"": 1, ""source"": true, ""country"": true, ""confidence"": 0.85, ""policy_version"": ""2026-10-05-evidence-v1""}",,,,
13,625770-2026,Erweiterung Zeppelin-Realschule (Türen und Zargen - Holz außen),"Erweiterung Zeppelin-Realschule (Türen und Zargen - Holz außen) Stadt Singen FB 1 - Gebäudemanagement ['DE138', 'DEU', 'DE138', 'DEU']","['45421131', '45421131']",school,windows_doors,0.85,CONFIDENT,"{""project_type"": true, ""trade"": true, ""cpv"": true, ""textual_evidence"": 1, ""source"": true, ""country"": true, ""confidence"": 0.85, ""policy_version"": ""2026-10-05-evidence-v1""}",,,,
14,576152-2026,"UR Bio, Neubau Vorklinikum","UR Bio, Neubau Vorklinikum Staatliches Bauamt Regensburg ['DE232', 'DEU', 'DE232', 'DEU']","['45214400', '45315700', '45310000', '45214400', '45315700', '45310000']",hospital,electrical,0.75,CONFIDENT,"{""project_type"": true, ""trade"": true, ""cpv"": true, ""textual_evidence"": 1, ""source"": true, ""country"": true, ""confidence"": 0.75, ""policy_version"": ""2026-10-05-evidence-v1""}",,,,
15,605632-2026,Neubau der Friedensschule; Trockenbauarbeiten,"Neubau der Friedensschule; Trockenbauarbeiten Stadt Osnabrück - FD Öffentliche Aufträge ['DE944', 'DEU', 'DE944', 'DEU']","['45324000', '45421141', '45421146', '45421152', '45324000', '45421141', '45421146', '45421152']",school,drywall; insulation; windows_doors,0.75,CONFIDENT,"{""project_type"": true, ""trade"": true, ""cpv"": true, ""textual_evidence"": 1, ""source"": true, ""country"": true, ""confidence"": 0.75, ""policy_version"": ""2026-10-05-evidence-v1""}",,,,
16,578396-2026,"Neubau der Feuer- und Rettungswache, Außenanlagen","Neubau der Feuer- und Rettungswache, Außenanlagen Stadt Borken ['DEA34', 'DEU', 'DEA34', 'DEU']","['45112712', '45112712']",fire_station,landscaping; earthworks,0.75,CONFIDENT,"{""project_type"": true, ""trade"": true, ""cpv"": true, ""textual_evidence"": 1, ""source"": true, ""country"": true, ""confidence"": 0.75, ""policy_version"": ""2026-10-05-evidence-v1""}",,,,
17,669806-2026,Erd- und Straßenbau,"Erd- und Straßenbau Die Autobahn GmbH des Bundes - NL Nordwest ['DE917', 'DEU', 'DE917', 'DE917', 'DEU', 'DEU']","['45000000', '45000000']",road,roadworks,0.75,CONFIDENT,"{""project_type"": true, ""trade"": true, ""cpv"": true, ""textual_evidence"": 1, ""source"": true, ""country"": true, ""confidence"": 0.75, ""policy_version"": ""2026-10-05-evidence-v1""}",,,,
18,613200-2026,Rat- und Dorfgemeinschaftshaus - Tief- und Kanalbauarbeiten,"Rat- und Dorfgemeinschaftshaus - Tief- und Kanalbauarbeiten Gemeinde Cappeln (Oldenburg) ['DE948', 'DEU', 'DE948', 'DEU']","['45247112', '45247112']",water_wastewater,sewer_pipe,0.75,CONFIDENT,"{""project_type"": true, ""trade"": true, ""cpv"": true, ""textual_evidence"": 1, ""source"": true, ""country"": true, ""confidence"": 0.75, ""policy_version"": ""2026-10-05-evidence-v1""}",,,,
19,647355-2026,Brandschutztechnische Sanierung der Grundschule in Heßheim,"Brandschutztechnische Sanierung der Grundschule in Heßheim Verbandsgemeinde Lambsheim-Heßheim ['DEB3I', 'DEU', 'DEB3I', 'DEU']","['45210000', '45210000', '45324000', '45421141', '45343000']",school,fire_protection; insulation; windows_doors,0.85,CONFIDENT,"{""project_type"": true, ""trade"": true, ""cpv"": true, ""textual_evidence"": 1, ""source"": true, ""country"": true, ""confidence"": 0.85, ""policy_version"": ""2026-10-05-evidence-v1""}",,,,
20,676839-2026,Aufzugsanlage - 3. Bauabschnitt Neubau Grundschule,"Aufzugsanlage - 3. Bauabschnitt Neubau Grundschule Gemeinde Schönkirchen c/o Amt Schrevenborn ['DEF0A', 'DEU', 'DEF0A', 'DEU']","['45313100', '45313100']",school,elevator; electrical,0.75,CONFIDENT,"{""project_type"": true, ""trade"": true, ""cpv"": true, ""textual_evidence"": 1, ""source"": true, ""country"": true, ""confidence"": 0.75, ""policy_version"": ""2026-10-05-evidence-v1""}",,,,
21,639260-2026,Neubau CKU 2030 - TP 01 - übergeordnete Baustelleneinrichtung,"Neubau CKU 2030 - TP 01 - übergeordnete Baustelleneinrichtung CKU-TP01 ['DEA5C', 'DEU', 'DEA5C', 'DEU']","['45113000', '45113000']",,demolition,0.35,REVIEW,"{""project_type"": false, ""trade"": true, ""cpv"": true, ""textual_evidence"": 1, ""source"": true, ""country"": true, ""confidence"": 0.35, ""policy_version"": ""2026-10-05-evidence-v1""}",,,,
22,638286-2026,"26E0102 (LBB NL Mainz) Gästehaus der Landesregierung, Bastei Renovierung Modernisierung / Zimmer- und Holzbauarbeiten","26E0102 (LBB NL Mainz) Gästehaus der Landesregierung, Bastei Renovierung Modernisierung / Zimmer- und Holzbauarbeiten Land Rheinland-Pfalz vertreten durch das Ministerium der Finanzen vertreten durch den Landesbetrieb Liegenschafts- und Baubetreuung Niederlassung Mainz ['DEB35', 'DEU', 'DEB35', 'DEU']","['45422100', '45422100']",,structural; windows_doors,0.35,REVIEW,"{""project_type"": false, ""trade"": true, ""cpv"": true, ""textual_evidence"": 1, ""source"": true, ""country"": true, ""confidence"": 0.35, ""policy_version"": ""2026-10-05-evidence-v1""}",,,,
23,570938-2026,Starkstromanlagen,"Starkstromanlagen Landeshauptstadt München vertreten durch MRG Münchner Raumentwicklungsgesellschaft mbH ['DE212', 'DEU', 'DE212', 'DEU']","['45311000', '45311200', '45315600', '45314320', '45314310', '45214210', '45214200', '45000000', '45311000', '45311200', '45315600', '45314320', '45314310', '45214210', '45214200', '45000000']",university_research,electrical,0.55,REVIEW,"{""project_type"": true, ""trade"": true, ""cpv"": true, ""textual_evidence"": 1, ""source"": true, ""country"": true, ""confidence"": 0.55, ""policy_version"": ""2026-10-05-evidence-v1""}",,,,
24,566654-2026,CCCXXXIII-9-2025-BM-An der Wiese-Kunststofffenster,"CCCXXXIII-9-2025-BM-An der Wiese-Kunststofffenster Wohnbau Mainz GmbH ['DEB35', 'DEU', 'DEB35', 'DEU']","['45421110', '45421110']",,windows_doors,0.35,REVIEW,"{""project_type"": false, ""trade"": true, ""cpv"": true, ""textual_evidence"": 1, ""source"": true, ""country"": true, ""confidence"": 0.35, ""policy_version"": ""2026-10-05-evidence-v1""}",,,,
25,676927-2026,"Ersatzneubau EÜ Hamburger Straße mit Hp. Dresden Cotta, km 2,182 Strecke 6248 - Bauhauptleistung","Ersatzneubau EÜ Hamburger Straße mit Hp. Dresden Cotta, km 2,182 Strecke 6248 - Bauhauptleistung DB InfraGO AG – Geschäftsbereich Fahrweg (Bukr 16) ['DED21', 'DEU', 'DED21', 'DEU']","['45234100', '45234100']",rail,railworks,0.55,REVIEW,"{""project_type"": true, ""trade"": true, ""cpv"": true, ""textual_evidence"": 1, ""source"": true, ""country"": true, ""confidence"": 0.55, ""policy_version"": ""2026-10-05-evidence-v1""}",,,,
26,638909-2026,"Neubau eines KV-Terminals im Hafen Riesa, Alter Hafen - Los 6 - Umschlagtechnik","Neubau eines KV-Terminals im Hafen Riesa, Alter Hafen - Los 6 - Umschlagtechnik Sächsische Binnenhäfen Oberelbe GmbH ['DED2E', 'DEU', 'DED2E', 'DEU']","['42414000', '45241000', '45223100', '42414000', '45241000', '45223100']",civil_engineering,,0.35,REVIEW,"{""project_type"": true, ""trade"": false, ""cpv"": true, ""textual_evidence"": 1, ""source"": true, ""country"": true, ""confidence"": 0.35, ""policy_version"": ""2026-10-05-evidence-v1""}",,,,
27,656668-2026,Freizeitbad GalaxSea Jena - Energetische Sanierung - Los 16: Badetechnische Anlagen,"Freizeitbad GalaxSea Jena - Energetische Sanierung - Los 16: Badetechnische Anlagen Jenaer Bäder und Freizeit GmbH ['DEG03', 'DEU', 'DEG03', 'DEU']","['45212212', '45212212', '45252120', '45252127', '45231110', '44610000', '42120000', '42122230']",public_building,,0.35,REVIEW,"{""project_type"": true, ""trade"": false, ""cpv"": true, ""textual_evidence"": 1, ""source"": true, ""country"": true, ""confidence"": 0.35, ""policy_version"": ""2026-10-05-evidence-v1""}",,,,
28,591355-2026,ZUG / Medientechnik,"ZUG / Medientechnik Landratsamt Garmisch-Partenkirchen ['DE21D', 'DEU', 'DE21D', 'DEU']","['45311200', '32320000', '32340000', '32321200', '31520000', '32322000', '45311200', '32320000', '32340000', '32321200', '31520000', '32322000']",,electrical,0.35,REVIEW,"{""project_type"": false, ""trade"": true, ""cpv"": true, ""textual_evidence"": 1, ""source"": true, ""country"": true, ""confidence"": 0.35, ""policy_version"": ""2026-10-05-evidence-v1""}",,,,
29,656110-2026,"EÜ Alzkanal in Garching a.d. Alz, Strecke 5723, km 16,921","EÜ Alzkanal in Garching a.d. Alz, Strecke 5723, km 16,921 DB RegioNetz Infrastruktur GmbH (Bukr 76) ['DE21G', 'DEU', 'DE21G', 'DEU']","['45234100', '45234100']",rail,railworks,0.55,REVIEW,"{""project_type"": true, ""trade"": true, ""cpv"": true, ""textual_evidence"": 1, ""source"": true, ""country"": true, ""confidence"": 0.55, ""policy_version"": ""2026-10-05-evidence-v1""}",,,,
30,580085-2026,Gerüste,"Gerüste Landeshauptstadt München, Baureferat ['DE212', 'DEU', 'DE212', 'DEU']","['45262100', '45262100']",,structural,0.35,REVIEW,"{""project_type"": false, ""trade"": true, ""cpv"": true, ""textual_evidence"": 0, ""source"": true, ""country"": true, ""confidence"": 0.35, ""policy_version"": ""2026-10-05-evidence-v1""}",,,,
31,647051-2026,Ex Post: Gemeinde Tappenbeck: Neubau eines Sport- und Gemeinschaftsparks: PV-Anlagen,"Ex Post: Gemeinde Tappenbeck: Neubau eines Sport- und Gemeinschaftsparks: PV-Anlagen Gemeinde Tappenbeck ['DE914', 'DEU', 'DE914', 'DEU']","['45261215', '09331200', '09330000', '45261215', '09331200', '09330000']",,solar_energy; roof,0.35,REVIEW,"{""project_type"": false, ""trade"": true, ""cpv"": true, ""textual_evidence"": 1, ""source"": true, ""country"": true, ""confidence"": 0.35, ""policy_version"": ""2026-10-05-evidence-v1""}",,,,
32,602637-2026,Frankfurt Hbf Neustrukturierung Nordbau / B-Ebene: Schadstoffsanierungsarbeiten,"Frankfurt Hbf Neustrukturierung Nordbau / B-Ebene: Schadstoffsanierungsarbeiten DB InfraGO AG – Geschäftsbereich Personenbahnhöfe (Bukr 11) ['DE712', 'DEU', 'DE712', 'DEU']","['45111100', '45111100']",,demolition,0.35,REVIEW,"{""project_type"": false, ""trade"": true, ""cpv"": true, ""textual_evidence"": 1, ""source"": true, ""country"": true, ""confidence"": 0.35, ""policy_version"": ""2026-10-05-evidence-v1""}",,,,
33,565888-2026,Elektroinstallation Römische Bäder,"Elektroinstallation Römische Bäder Stiftung Preußische Schlösser und Gärten Berlin-Brandenburg ['DE40E', 'DEU', 'DE40E', 'DEU']","['45311000', '45300000', '45311000', '45315100', '45311000', '45300000', '45311000', '45315100']",,electrical,0.35,REVIEW,"{""project_type"": false, ""trade"": true, ""cpv"": true, ""textual_evidence"": 1, ""source"": true, ""country"": true, ""confidence"": 0.35, ""policy_version"": ""2026-10-05-evidence-v1""}",,,,
34,640591-2026,"13TEI03971 S21,Pa 1.3 u. 1.4; Sachverständiger Wasserwirtschaft","13TEI03971 S21,Pa 1.3 u. 1.4; Sachverständiger Wasserwirtschaft Deutsche Bahn AG ['DE111', 'DEU', 'DE111', 'DEU']","['45111290', '45111290']",,demolition,0.35,REVIEW,"{""project_type"": false, ""trade"": true, ""cpv"": true, ""textual_evidence"": 1, ""source"": true, ""country"": true, ""confidence"": 0.35, ""policy_version"": ""2026-10-05-evidence-v1""}",,,,
35,684281-2026,Mainzer Straße_Ersatzneubau Brücke,"Mainzer Straße_Ersatzneubau Brücke Stadt Koblenz ['DEB11', 'DEU', 'DEB11', 'DEU']","['45221111', '45221111']",bridge,,0.35,REVIEW,"{""project_type"": true, ""trade"": false, ""cpv"": true, ""textual_evidence"": 1, ""source"": true, ""country"": true, ""confidence"": 0.35, ""policy_version"": ""2026-10-05-evidence-v1""}",,,,
36,643392-2026,A.0435.120514 - UB JLU GI | OV (EU) Innentüren Metall,"A.0435.120514 - UB JLU GI | OV (EU) Innentüren Metall Land Hessen, vertreten durch den Landesbetrieb Bau und Immobilien Hessen, Zentrale Vergabe ['DE721', 'DEU', 'DE721', 'DEU']","['45262670', '45262670']",,windows_doors; structural,0.35,REVIEW,"{""project_type"": false, ""trade"": true, ""cpv"": true, ""textual_evidence"": 1, ""source"": true, ""country"": true, ""confidence"": 0.35, ""policy_version"": ""2026-10-05-evidence-v1""}",,,,
37,672777-2026,"U-Bahn Nürnberg, Erneuerung von sieben Fahrtreppen","U-Bahn Nürnberg, Erneuerung von sieben Fahrtreppen Stadt Nürnberg, U-Bahnbauamt ['DE254', 'DEU', 'DE254', 'DEU']","['45313200', '45313200']",,electrical,0.35,REVIEW,"{""project_type"": false, ""trade"": true, ""cpv"": true, ""textual_evidence"": 1, ""source"": true, ""country"": true, ""confidence"": 0.35, ""policy_version"": ""2026-10-05-evidence-v1""}",,,,
38,694645-2026,"Erweiterungsbau ""Projekt - und Innovationscenters"" inkl. Umbau des Bildungszentrums der AOK Hessen | Homberg (Ohm) - Tischlerarbeiten Türen und Trennwände","Erweiterungsbau ""Projekt - und Innovationscenters"" inkl. Umbau des Bildungszentrums der AOK Hessen | Homberg (Ohm) - Tischlerarbeiten Türen und Trennwände AOK - Die Gesundheitskasse in Hessen ['DE725', 'DEU', 'DE725', 'DEU']","['45000000', '45421131', '45421141', '45422000', '45000000', '45421131', '45421141', '45422000']",,windows_doors,0.35,REVIEW,"{""project_type"": false, ""trade"": true, ""cpv"": true, ""textual_evidence"": 1, ""source"": true, ""country"": true, ""confidence"": 0.35, ""policy_version"": ""2026-10-05-evidence-v1""}",,,,
39,698383-2026,Ex-Post Energetische Sanierung der Doppelturnhalle - Los 18 Elektrische Anlagen,"Ex-Post Energetische Sanierung der Doppelturnhalle - Los 18 Elektrische Anlagen Stadt Finsterwalde ['DE407', 'DEU', 'DE407', 'DEU']","['45000000', '45000000']",sports_leisure,,0.35,REVIEW,"{""project_type"": true, ""trade"": false, ""cpv"": true, ""textual_evidence"": 1, ""source"": true, ""country"": true, ""confidence"": 0.35, ""policy_version"": ""2026-10-05-evidence-v1""}",,,,
40,635043-2026,Innentüren Holz,"Innentüren Holz Bezirk Schwaben ['DE276', 'DEU', 'DE276', 'DEU']","['45422100', '45421131', '45422100', '45421131']",,windows_doors,0.35,REVIEW,"{""project_type"": false, ""trade"": true, ""cpv"": true, ""textual_evidence"": 1, ""source"": true, ""country"": true, ""confidence"": 0.35, ""policy_version"": ""2026-10-05-evidence-v1""}",,,,
41,689057-2026,RLG Umstellung Betriebshof Arnsberg- Dacharbeitsstände,"RLG Umstellung Betriebshof Arnsberg- Dacharbeitsstände Regionalverkehr Ruhr-Lippe GmbH ['DEA57', 'DEU', 'DEA57', 'DEU']","['45237000', '45262670', '45237000', '45262670']",infrastructure,roof; structural,0.55,REVIEW,"{""project_type"": true, ""trade"": true, ""cpv"": true, ""textual_evidence"": 1, ""source"": true, ""country"": true, ""confidence"": 0.55, ""policy_version"": ""2026-10-05-evidence-v1""}",,,,
42,638384-2026,"Erw. Rohbauarbeiten - Neubau Truppenküche, V0352/2026, Delmetal-Kaserne","Erw. Rohbauarbeiten - Neubau Truppenküche, V0352/2026, Delmetal-Kaserne Performa Nord - Eigenbetrieb des Landes Bremen, Geschäftsbereich Bundesbau ['DE941', 'DEU', 'DE941', 'DEU']","['45223220', '45223220']",civil_engineering,structural,0.55,REVIEW,"{""project_type"": true, ""trade"": true, ""cpv"": true, ""textual_evidence"": 1, ""source"": true, ""country"": true, ""confidence"": 0.55, ""policy_version"": ""2026-10-05-evidence-v1""}",,,,
43,610229-2026,"Eigenstromversorgungsanlagen - Neubau CPC, Geb. 9997, Hermann-Blenk-Straße, 38108 Braunschweig","Eigenstromversorgungsanlagen - Neubau CPC, Geb. 9997, Hermann-Blenk-Straße, 38108 Braunschweig Technische Universität Braunschweig, Geschäftsbereich 3 - Gebäudemanagement ['DE911', 'DEU', 'DE911', 'DEU']","['45311000', '45000000', '45311000', '45000000']",,electrical,0.35,REVIEW,"{""project_type"": false, ""trade"": true, ""cpv"": true, ""textual_evidence"": 1, ""source"": true, ""country"": true, ""confidence"": 0.35, ""policy_version"": ""2026-10-05-evidence-v1""}",,,,
44,627381-2026,Ausbau- und TGA-Leistungen Umbau und Modernisierung Bonatzbau,"Ausbau- und TGA-Leistungen Umbau und Modernisierung Bonatzbau DB Projekt Stuttgart-Ulm GmbH (Bukr 5S) ['DE111', 'DEU', 'DE111', 'DEU']","['45210000', '45210000']",industrial,hvac,0.55,REVIEW,"{""project_type"": true, ""trade"": true, ""cpv"": true, ""textual_evidence"": 1, ""source"": true, ""country"": true, ""confidence"": 0.55, ""policy_version"": ""2026-10-05-evidence-v1""}",,,,
45,688479-2026,KKE15 Gerüstbauarbeiten II : Neubau (22140058 / JVA HL / Neubau psychiatrische Abteilung),"KKE15 Gerüstbauarbeiten II : Neubau (22140058 / JVA HL / Neubau psychiatrische Abteilung) Land Schleswig-Holstein endvertreten durch Gebäudemanagement Schleswig-Holstein AöR ['DEF03', 'DEU', 'DEF03', 'DEU']","['45262100', '45262100']",,structural,0.35,REVIEW,"{""project_type"": false, ""trade"": true, ""cpv"": true, ""textual_evidence"": 1, ""source"": true, ""country"": true, ""confidence"": 0.35, ""policy_version"": ""2026-10-05-evidence-v1""}",,,,
46,658878-2026,Gestellung Mietcontainer,"Gestellung Mietcontainer Emschergenossenschaft Einkauf-Emschergenossenschaft ['DEA12', 'DEU', 'DEA12', 'DEU']","['45000000', '45000000']",,,0,UNKNOWN,"{""project_type"": false, ""trade"": false, ""cpv"": true, ""textual_evidence"": 1, ""source"": true, ""country"": true, ""confidence"": 0, ""policy_version"": ""2026-10-05-evidence-v1""}",,,,
47,646102-2026,Stadt Ingelfingen - Vergabe von baubegleitenden Planungs- und Ingenieurleistungen und Bauleistungen zur Errichtung einer Breitbandinfrastruktur,"Stadt Ingelfingen - Vergabe von baubegleitenden Planungs- und Ingenieurleistungen und Bauleistungen zur Errichtung einer Breitbandinfrastruktur Stadt Ingelfingen ['DE119', 'DEU', 'DE119', 'DEU']","['45000000', '71240000', '71250000', '45200000', '71000000', '45000000', '71240000', '71250000', '45200000', '71000000']",,,0,UNKNOWN,"{""project_type"": false, ""trade"": false, ""cpv"": true, ""textual_evidence"": 1, ""source"": true, ""country"": true, ""confidence"": 0, ""policy_version"": ""2026-10-05-evidence-v1""}",,,,
48,574342-2026,Stadt Ingelfingen - Vergabe von baubegleitenden Planungs- und Ingenieurleistungen und Bauleistungen zur Errichtung einer Breitbandinfrastruktur,"Stadt Ingelfingen - Vergabe von baubegleitenden Planungs- und Ingenieurleistungen und Bauleistungen zur Errichtung einer Breitbandinfrastruktur Stadt Ingelfingen ['DE119', 'DEU', 'DE119', 'DEU']","['45000000', '71240000', '71250000', '45200000', '71000000', '45000000', '71240000', '71250000', '45200000', '71000000']",,,0,UNKNOWN,"{""project_type"": false, ""trade"": false, ""cpv"": true, ""textual_evidence"": 1, ""source"": true, ""country"": true, ""confidence"": 0, ""policy_version"": ""2026-10-05-evidence-v1""}",,,,
49,612605-2026,"Deckensanierung A42, AK Bochum","Deckensanierung A42, AK Bochum Die Autobahn GmbH des Bundes - NL Westfalen ['DEA51', 'DEU', 'DEA51', 'DEU']","['45000000', '45000000']",,,0,UNKNOWN,"{""project_type"": false, ""trade"": false, ""cpv"": true, ""textual_evidence"": 1, ""source"": true, ""country"": true, ""confidence"": 0, ""policy_version"": ""2026-10-05-evidence-v1""}",,,,
50,666430-2026,Funkinfrastruktur Strecke 6100 von Hamburg-Rothenburg bis Berlin-Spandau,"Funkinfrastruktur Strecke 6100 von Hamburg-Rothenburg bis Berlin-Spandau DB Netz AG (Bukr 16) ['DE300', 'DEU', 'DEU']","['45200000', '45200000']",,,0,UNKNOWN,"{""project_type"": false, ""trade"": false, ""cpv"": true, ""textual_evidence"": 1, ""source"": true, ""country"": true, ""confidence"": 0, ""policy_version"": ""2026-10-05-evidence-v1""}",,,,
51,692070-2026,"10142/65244 - WW Friedrichshagen, Galerie B. 18 Brunnen, Aufschlussbohrungen","10142/65244 - WW Friedrichshagen, Galerie B. 18 Brunnen, Aufschlussbohrungen Berliner Wasserbetriebe ['DE300', 'DEU', 'DE300', 'DEU']","['45200000', '45122000', '45200000', '45122000']",,,0,UNKNOWN,"{""project_type"": false, ""trade"": false, ""cpv"": true, ""textual_evidence"": 1, ""source"": true, ""country"": true, ""confidence"": 0, ""policy_version"": ""2026-10-05-evidence-v1""}",,,,
52,592063-2026,Funkinfrastruktur Strecke 6100 von Hamburg-Rothenburg bis Berlin-Spandau,"Funkinfrastruktur Strecke 6100 von Hamburg-Rothenburg bis Berlin-Spandau DB Netz AG (Bukr 16) ['DE300', 'DEU', 'DEU']","['45200000', '45200000']",,,0,UNKNOWN,"{""project_type"": false, ""trade"": false, ""cpv"": true, ""textual_evidence"": 1, ""source"": true, ""country"": true, ""confidence"": 0, ""policy_version"": ""2026-10-05-evidence-v1""}",,,,
53,667794-2026,"KBS Campus Bochum, hier: Schreinerarbeiten","KBS Campus Bochum, hier: Schreinerarbeiten Deutsche Rentenversicherung Knappschaft-Bahn-See ['DEA51', 'DEU', 'DEA51', 'DEU']","['45000000', '45000000']",,,0,UNKNOWN,"{""project_type"": false, ""trade"": false, ""cpv"": true, ""textual_evidence"": 1, ""source"": true, ""country"": true, ""confidence"": 0, ""policy_version"": ""2026-10-05-evidence-v1""}",,,,
54,585940-2026,Schleuse Kiel - Kampfmittelräumung Vorhäfen und Böschungen LOS 1,"Schleuse Kiel - Kampfmittelräumung Vorhäfen und Böschungen LOS 1 Wasserstraßen-Neubauamt Nord-Ostsee-Kanal ['DEF02', 'DEU', 'DEF02', 'DEU']","['45247100', '71313410', '45247100', '71313410']",,,0,UNKNOWN,"{""project_type"": false, ""trade"": false, ""cpv"": true, ""textual_evidence"": 1, ""source"": true, ""country"": true, ""confidence"": 0, ""policy_version"": ""2026-10-05-evidence-v1""}",,,,
55,584728-2026,"Provision of Marine Services with respect to supply, installation and servicing of navigation aids in Donegal Bay.","Provision of Marine Services with respect to supply, installation and servicing of navigation aids in Donegal Bay. Donegal County Council_1193 ['DE918', 'IRL', 'DE918', 'IRL']","['45244000', '98360000', '98362100', '45244100', '50240000', '45244000', '98360000', '98362100', '45244100', '50240000']",,,0,UNKNOWN,"{""project_type"": false, ""trade"": false, ""cpv"": true, ""textual_evidence"": 1, ""source"": true, ""country"": false, ""confidence"": 0, ""policy_version"": ""2026-10-05-evidence-v1""}",,,,
56,572894-2026,"Feuerwehrtechnische Zentrale Ebergötzen, Neubau - VE 411 Gebäudeautomation","Feuerwehrtechnische Zentrale Ebergötzen, Neubau - VE 411 Gebäudeautomation Landkreis Göttingen ['DE91C', 'DEU', 'DE91C', 'DEU']","['45000000', '48921000', '45000000', '48921000']",,,0,UNKNOWN,"{""project_type"": false, ""trade"": false, ""cpv"": true, ""textual_evidence"": 1, ""source"": true, ""country"": true, ""confidence"": 0, ""policy_version"": ""2026-10-05-evidence-v1""}",,,,
57,602617-2026,Funkinfrastruktur Strecke 6100 von Hamburg-Rothenburg bis Berlin-Spandau,"Funkinfrastruktur Strecke 6100 von Hamburg-Rothenburg bis Berlin-Spandau DB Netz AG (Bukr 16) ['DE300', 'DEU', 'DEU']","['45200000', '45200000']",,,0,UNKNOWN,"{""project_type"": false, ""trade"": false, ""cpv"": true, ""textual_evidence"": 1, ""source"": true, ""country"": true, ""confidence"": 0, ""policy_version"": ""2026-10-05-evidence-v1""}",,,,
58,666208-2026,Funkinfrastruktur Strecke 6100 von Hamburg-Rothenburg bis Berlin-Spandau,"Funkinfrastruktur Strecke 6100 von Hamburg-Rothenburg bis Berlin-Spandau DB Netz AG (Bukr 16) ['DE300', 'DEU', 'DEU']","['45200000', '45200000']",,,0,UNKNOWN,"{""project_type"": false, ""trade"": false, ""cpv"": true, ""textual_evidence"": 1, ""source"": true, ""country"": true, ""confidence"": 0, ""policy_version"": ""2026-10-05-evidence-v1""}",,,,
59,590440-2026,BLB NRW Duisburg / UDE Essen / Didaktik der Chemie / Schlüsselfertige Errichtung incl. Planung (SEP) / 020-26-00126,"BLB NRW Duisburg / UDE Essen / Didaktik der Chemie / Schlüsselfertige Errichtung incl. Planung (SEP) / 020-26-00126 Bau- und Liegenschaftsbetrieb NRW Duisburg ['DEA13', 'DEA23', 'DEU', 'DEU', 'DEA13', 'DEA23', 'DEU', 'DEU']","['45200000', '45000000', '45200000', '45000000']",,,0,UNKNOWN,"{""project_type"": false, ""trade"": false, ""cpv"": true, ""textual_evidence"": 1, ""source"": true, ""country"": false, ""confidence"": 0, ""policy_version"": ""2026-10-05-evidence-v1""}",,,,
60,581947-2026,37_STF-LAN: FL 05 - Metallbau,"37_STF-LAN: FL 05 - Metallbau Landeshauptstadt Dresden, GB Wirtschaft, Digitales, Personal und Sicherheit, Zentrales Vergabebüro ['DED21', 'DEU', 'DED21', 'DEU']","['45000000', '45000000']",,,0,UNKNOWN,"{""project_type"": false, ""trade"": false, ""cpv"": true, ""textual_evidence"": 1, ""source"": true, ""country"": true, ""confidence"": 0, ""policy_version"": ""2026-10-05-evidence-v1""}",,,,
